"";"ANO_ELEICAO";"SG_UF";"ECI dep";"ECI gov";"ENP"
"1";"1986";"AC";0,813967092272156;0,749394073179742;2,11470839199967
"2";"1986";"AL";0,874046793838518;0,863920712928898;2,63505552978042
"3";"1986";"AM";0,7654690237613;0,877443505060848;3,98674213498224
"4";"1986";"BA";0,778172936572593;0,635438858543305;2,72224976018454
"5";"1986";"CE";0,742242135960167;0,73786695168786;3,02160656936744
"6";"1986";"ES";0,804528863175738;0,795761669177942;3,27866610441886
"7";"1986";"GO";0,624680460569799;0,769204895608351;2,34283223898986
"8";"1986";"MA";0,385616047702543;0,354955253847094;1,60717526030867
"9";"1986";"MG";0,618207310392751;0,950869403150509;3,27885051532742
"10";"1986";"MS";0,901666769693076;0,747350831916083;3,24336205536567
"11";"1986";"MT";0,778506804419748;0,638953220239651;3,15174436692726
"12";"1986";"PA";0,594956778245244;0,521965112857495;2,54287061328112
"13";"1986";"PB";0,949625029832911;0,759966464257596;2,29795583152334
"14";"1986";"PE";0,933114788239454;0,781730164978212;3,63022582087193
"15";"1986";"PI";0,980499187829469;0,983423729233235;2,21816119015927
"16";"1986";"PR";0,46597950900728;0,533134864595823;2,34366235575009
"17";"1986";"RJ";0,955693550944001;0,865269116605464;7,56311591469717
"18";"1986";"RN";0,951050555826061;0,984821582671729;3,1069229471351
"19";"1986";"RO";0,949459945187187;0,734771493697029;2,96511064621517
"20";"1986";"RS";0,795245323017731;0,792332666079534;3,35462540049585
"21";"1986";"SC";0,953967423292001;0,813757621548655;3,22741883014622
"22";"1986";"SE";0,93683722900744;0,905110481956337;3,66237201249941
"23";"1986";"SP";0,704947543177;0,860863264804034;4,55829393359724
"24";"1990";"AC";0,875191142812647;0,997073717922665;3,74808536579709
"25";"1990";"AL";0,647638243941333;0,948991497603282;2,75426247762936
"26";"1990";"AM";0,875235525109133;0,776190864162005;7,26924491998059
"27";"1990";"BA";0,925942848585418;0,813893059922106;6,30921745131988
"28";"1990";"CE";0,880912148514484;0,826601582914072;6,33186146477979
"29";"1990";"ES";0,960801130955147;0,919603973035208;10,4203136602837
"30";"1990";"GO";0,887861384221343;0,776450566008087;3,48289454899075
"31";"1990";"MA";0,858040106825746;0,89561257781992;5,95967977921919
"32";"1990";"MG";0,926882463817097;0,77575180016196;9,84344420553191
"33";"1990";"MS";0,928848160271352;0,715151980568331;2,25076363699506
"34";"1990";"MT";0,693009935674544;0,469914790109584;2,4975698762237
"35";"1990";"PA";0,988189667283785;0,950881743838395;4,30284154049533
"36";"1990";"PB";0,881557577745348;0,968521553879263;3,09551758197136
"37";"1990";"PE";0,976180501361161;0,938295932315253;3,34659346604318
"38";"1990";"PI";0,905412119715024;0,938332260686401;4,61414993792741
"39";"1990";"PR";0,91597604902243;0,982382305095185;4,90148952960583
"40";"1990";"RJ";0,881050136285134;0,571071733284234;8,01433445011581
"41";"1990";"RN";0,841061149964387;0,912967776898098;4,62655040641529
"42";"1990";"RO";0,843417961901279;0,998265210223859;7,00395469008678
"43";"1990";"RS";0,932210651049871;0,971853853230103;6,31358990162297
"44";"1990";"SC";0,856788248921869;0,796510653844366;5,75924283682565
"45";"1990";"SE";0,658150702830602;0,51336793554933;2,83124784755787
"46";"1990";"SP";0,970257923816949;0,846711472420326;5,35680607245032
"47";"1990";"TO";0,83835374818418;0,882078195858883;2,46922645238099
"48";"1994";"AC";0,850794324827024;0,805029554383605;5,38567017841108
"49";"1994";"AL";0,959067769174434;0,305793463792653;7,82825132480527
"50";"1994";"AM";0,874844785292978;0,67860527163163;7,90387665656033
"51";"1994";"AP";0,912930400373679;0,804390243902439;7,14420882801932
"52";"1994";"BA";0,91730648321426;0,759915207627289;7,55311565275683
"53";"1994";"CE";0,720597906184993;0,8229;4,94067122203108
"54";"1994";"DF";0,95971335393184;0,9753;3,68957308716059
"55";"1994";"ES";0,973674691722711;0,807;8,19791649315278
"56";"1994";"GO";0,872487917506446;0,82980062238765;7,39711718958598
"57";"1994";"MA";0,900665846547503;0,836064244138891;9,0444612929963
"58";"1994";"MG";0,986777736466428;0,789;8,37425326310314
"59";"1994";"MS";0,987791876302591;0,796078383068644;7,0189482824567
"60";"1994";"MT";0,943899657808952;0,54;6,24775145500378
"61";"1994";"PA";0,796932955694617;0,99;4,89514442556179
"62";"1994";"PB";0,733897412839615;0,967781213778254;3,7168179343409
"63";"1994";"PE";0,898938891693518;0,784535987901151;5,20378053394252
"64";"1994";"PI";0,780104888984644;0,925724824246471;4,03082577362437
"65";"1994";"PR";0,933807396244203;0,837;6,47903746785902
"66";"1994";"RJ";0,966897948424266;0,9323;7,6195058441638
"67";"1994";"RN";0,932258435476008;0,8603;3,59970567432471
"68";"1994";"RO";0,998825971635722;0,963873231947251;11,9036432297465
"69";"1994";"RR";0,845068930028459;0,864975694877228;6,21625157316443
"70";"1994";"RS";0,984577175688531;0,855309538590249;5,98092061614888
"71";"1994";"SC";0,998681883092016;0,881487881747505;5,39730078344146
"72";"1994";"SE";0,882081997336023;0,997827051521486;6,64973427267591
"73";"1994";"SP";0,945118604328577;0,7538399486038;7,18933723289595
"74";"1994";"TO";0,996008162511895;0,77839337589368;4,04744462000303
"75";"1998";"AC";0,954084915878556;0,685982263794117;7,48796137523887
"76";"1998";"AL";0,919509877100406;0,807002838416055;8,37470612105902
"77";"1998";"AM";0,893173650733081;0,965585807552326;8,26282939671537
"78";"1998";"AP";0,982211373283046;0,89757071427715;10,0963514290187
"79";"1998";"BA";0,856983105292408;0,452603852182602;6,20039489403828
"80";"1998";"CE";0,806093825295874;0,592058702559284;5,1918512157961
"81";"1998";"DF";0,969359418946099;0,9656;10,1410790690523
"82";"1998";"ES";0,943477323036409;0,524342010003531;9,64012071197094
"83";"1998";"GO";0,829522443414955;0,983291501778483;5,41507824222986
"84";"1998";"MA";0,942977487936565;0,603489191683063;11,1264279668739
"85";"1998";"MG";0,958897788219811;0,940275008838163;10,6094335928273
"86";"1998";"MS";0,899916794635494;0,942777565520185;6,9754353433898
"87";"1998";"MT";0,901750642232317;0,83968857198975;7,21707764512642
"88";"1998";"PA";0,995726293207008;0,917965386788329;9,02914313849088
"89";"1998";"PB";0,769198324792408;0,353923394160081;3,75947049176615
"90";"1998";"PE";0,952636157549783;0,622392392789707;7,39206052358382
"91";"1998";"PI";0,996797944093879;0,968422182778817;4,95571516391166
"92";"1998";"PR";0,920136118181929;0,936990981746545;7,09587055781193
"93";"1998";"RJ";0,903481620874034;0,874381768331768;8,87476373959325
"94";"1998";"RN";0,860260307441242;0,911856292783321;6,05209506563965
"95";"1998";"RO";0,945900798490558;0,989952413057281;8,97673966889253
"96";"1998";"RR";0,955912683403871;0,924062476915879;7,76461518862253
"97";"1998";"RS";0,984300890520855;0,995238931651392;6,2958650326754
"98";"1998";"SC";0,936906576839079;0,6419875993435;5,41428794767531
"99";"1998";"SE";0,918316623354516;0,985334563828912;8,05744427973594
"100";"1998";"SP";0,942033009646937;0,907425962712138;8,85114767620243
"101";"1998";"TO";0,964867135489453;0,715204388968296;4,36891519769842
"102";"2002";"AC";0,912685831005439;0,700590202711784;9,28841684115458
"103";"2002";"AL";0,983265421787878;0,872426278115576;9,38194274259238
"104";"2002";"AM";0,994617915121586;0,684784532668579;12,1476716233787
"105";"2002";"AP";0,927290697936405;0,884880958485019;11,6123668619266
"106";"2002";"BA";0,929344526059277;0,847762889517036;8,56180034838736
"107";"2002";"CE";0,831905557951724;0,785398592692281;7,63746532073636
"108";"2002";"DF";0,974667594681355;0,978898081486314;10,3405075522527
"109";"2002";"ES";0,995752949418687;0,875350616039036;13,0652242762506
"110";"2002";"GO";0,977550049167559;0,815882277961109;7,80944311273079
"111";"2002";"MA";0,851124371234037;0,914681012053311;6,85571661224964
"112";"2002";"MG";0,999529990286098;0,730493890599685;10,1225194909152
"113";"2002";"MS";0,955659025574335;0,940803929784116;10,4660888982227
"114";"2002";"MT";0,885640314480132;0,787854249025194;8,31555321337462
"115";"2002";"PA";0,986632037578438;0,944773691406375;8,79838051138516
"116";"2002";"PB";0,919362725789881;0,927809372270688;6,48665024120475
"117";"2002";"PE";0,950617378232787;0,736978326723545;11,9009726161119
"118";"2002";"PI";0,971521563901158;0,93109085053693;6,27816587600147
"119";"2002";"PR";0,996676465982935;0,947792102616554;9,86783232326254
"120";"2002";"RJ";0,936546220983926;0,731705153129863;11,2028651558078
"121";"2002";"RN";0,903826085347156;0,93294500011444;7,91622354670182
"122";"2002";"RO";0,99145184361268;0,906120524731335;11,8396046408773
"123";"2002";"RR";0,995421763692601;0,994046774422415;16,9304084600591
"124";"2002";"RS";0,900073616740922;0,960860284653709;7,5111695067381
"125";"2002";"SC";0,947695098112414;0,902263395374701;5,97129316360282
"126";"2002";"SE";0,993232907798854;0,848012058681857;10,6447277328112
"127";"2002";"SP";0,955975910331418;0,941665907147348;8,31606630821165
"128";"2002";"TO";0,904622006104149;0,73139131509858;6,72965914391096
"129";"2006";"AC";0,933587165737918;0,820683394017665;9,8226845404283
"130";"2006";"AL";0,882716015286433;0,746627788409477;5,51619807864764
"131";"2006";"AM";0,944334768224312;0,893641530001553;13,6490371361033
"132";"2006";"AP";0,97128098506311;0,840219369848043;14,4152407157423
"133";"2006";"BA";0,898207521410628;0,901462370895074;8,38022321111183
"134";"2006";"CE";0,854818788779202;0,714893084259909;7,05829600636444
"135";"2006";"DF";0,997463693815638;0,735956105710814;11,4224252431037
"136";"2006";"ES";0,995271933857077;0,444940380821653;12,7175476529444
"137";"2006";"GO";0,984802732015016;0,929414571872488;7,48693989334226
"138";"2006";"MA";0,928989568951121;0,87150647504796;10,0220759055572
"139";"2006";"MG";0,973537067277911;0,450035443156815;10,0793909425973
"140";"2006";"MS";0,97309521290321;0,767032724062824;7,18744841976211
"141";"2006";"MT";0,912265626212448;0,544423350702011;7,19064973667619
"142";"2006";"PA";0,97860953793857;0,936928574832648;9,06554629660454
"143";"2006";"PB";0,988512216461795;0,990712901857735;6,76131111445005
"144";"2006";"PE";0,965998961087027;0,944921967949988;12,2066889909382
"145";"2006";"PI";0,960847856995665;0,635833374781429;8,61516315921225
"146";"2006";"PR";0,777933527486148;0,957943600357244;7,13883542345508
"147";"2006";"RJ";0,965864641502368;0,823592967755647;11,2759729230661
"148";"2006";"RN";0,985528498562373;0,990258573143432;8,67700641500371
"149";"2006";"RO";0,984416331185666;0,71766284971268;13,2073481583433
"150";"2006";"RR";0,953965014854978;0,682453848460188;15,600992827485
"151";"2006";"RS";0,979849404921539;0,94483334076036;8,24671629784322
"152";"2006";"SC";0,899935064521964;0,838716839225308;6,16495114079606
"153";"2006";"SE";0,923480667867171;0,9256064512195;8,22086530484649
"154";"2006";"SP";0,930500611618171;0,737546471880126;7,90104887722909
"155";"2006";"TO";0,910787200584302;0,953537065656314;8,43953191544904
"156";"2010";"AC";0,968212058097248;0,986653489324572;12,9633289269263
"157";"2010";"AL";0,958466450860614;0,895813046991307;11,5856795266395
"158";"2010";"AM";0,952441344504362;0,620406130662242;13,462400815125
"159";"2010";"AP";0,967619890622276;0,997481616098401;13,8995675282695
"160";"2010";"BA";0,939945965186013;0,522549436935272;11,4600666366178
"161";"2010";"CE";0,980453518824168;0,582337823781043;11,0279602804067
"162";"2010";"DF";0,979734849253166;0,830912837086874;16,3798593377678
"163";"2010";"ES";0,980425310421145;0,332000797768003;12,7526802894546
"164";"2010";"GO";0,923203454591883;0,900523296919473;10,4195574535936
"165";"2010";"MA";0,992738905185927;0,79401360068096;13,7887337285841
"166";"2010";"MG";0,987587186576267;0,714582221295225;12,4743887122279
"167";"2010";"MS";0,973213261717787;0,865013820093151;8,70410754279465
"168";"2010";"MT";0,883839029229471;0,806326327297924;7,27046158935639
"169";"2010";"PA";0,969977802728329;0,871317012735252;10,5693920939256
"170";"2010";"PB";0,930854109964669;0,995582192757267;8,95637096515316
"171";"2010";"PE";0,957485632317899;0,312236956410588;11,0134329603518
"172";"2010";"PI";0,9429230950197;0,837087186409307;8,42508979437057
"173";"2010";"PR";0,949865991162815;0,931959421951877;9,43426763045169
"174";"2010";"RJ";0,973611564406271;0,545930785904393;11,9043596045328
"175";"2010";"RN";0,966912873775363;0,837652267351621;9,45085314953398
"176";"2010";"RO";0,971007930457474;0,931523269875064;14,0744507145067
"177";"2010";"RR";0,977750843785202;0,9741943691023;16,468791784187
"178";"2010";"RS";0,94075044743727;0,703829422201179;7,45513076890017
"179";"2010";"SC";0,952009308196427;0,721904097010023;7,10336531180243
"180";"2010";"SE";0,992263638907875;0,931169728794927;11,7844106777969
"181";"2010";"SP";0,977916216400428;0,846181352001888;7,54448139864054
"182";"2010";"TO";0,941821253523181;0,989649158045782;8,08821339055079
"183";"2014";"AC";0,964581131607618;0,803636223268741;15,4711361679178
"184";"2014";"AL";0,953164699433035;0,817535878782125;13,3178971386956
"185";"2014";"AM";0,94412221317357;0,998839323265208;16,7658300055938
"186";"2014";"AP";0,988069312735335;0,853517486260329;18,1338856689851
"187";"2014";"BA";0,930650157306429;0,828630644303098;11,468114712808
"188";"2014";"CE";0,920971819724427;0,985996451171491;12,1748044340758
"189";"2014";"DF";0,983700867334078;0,8274443474679;18,4577069770703
"190";"2014";"ES";0,951394394307335;0,859055380358338;15,1277873857903
"191";"2014";"GO";0,970835115398622;0,825360040774655;11,1344637060213
"192";"2014";"MA";0,990659041522352;0,701706622086255;19,4778616248806
"193";"2014";"MG";0,962153952318844;0,889147419300348;14,6667529045329
"194";"2014";"MS";0,952326494729163;0,961730121973085;9,43693969057892
"195";"2014";"MT";0,980364552786744;0,751919412485709;10,8506780581814
"196";"2014";"PA";0,989558946113529;0,986201610439935;13,3603609348905
"197";"2014";"PB";0,986722337802612;0,986049416751806;14,3504073882386
"198";"2014";"PE";0,925319228519616;0,629901204424579;8,05035899929868
"199";"2014";"PI";0,982078565338501;0,701667136797207;9,37465597212841
"200";"2014";"PR";0,993790678315413;0,718885861156422;11,2910400974981
"201";"2014";"RJ";0,969533542367872;0,796883766346538;13,1010081279552
"202";"2014";"RN";0,987615246117563;0,947024716001594;10,4722788400851
"203";"2014";"RO";0,976203753145025;0,995573987940144;15,6345025981062
"204";"2014";"RR";0,990344541204374;0,96140463308726;19,4102759493261
"205";"2014";"RS";0,965404629136829;0,921708625389187;8,9790729886946
"206";"2014";"SC";0,937269100506169;0,78536275529951;7,82878872728955
"207";"2014";"SE";0,975647458583884;0,878431770637399;12,9152642325017
"208";"2014";"SP";0,936481829515695;0,642190170740926;9,5287859046868
"209";"2014";"TO";0,983434654854446;0,934214587781449;13,4629662384484
"210";"2018";"AC";0,99561414717926;0,808375451955998;17,2229356389399
"211";"2018";"AL";0,953174562302267;0,337613882662347;11,3495350981372
"212";"2018";"AM";0,980057853144682;1;17,9791357255554
"213";"2018";"AP";0,975427206441017;0,965456528474309;19,1595131370119
"214";"2018";"BA";0,949675526007259;0,467550596676462;12,4141611373764
"215";"2018";"CE";0,88093231857228;0,313359177506827;8,30454254231267
"216";"2018";"DF";0,986025467948517;0,719624646136165;22,4686730362946
"217";"2018";"ES";0,99718449121335;0,717305430158138;20,9947834883882
"218";"2018";"GO";0,98046401846201;0,56412213560465;18,0928252381352
"219";"2018";"MA";0,955081270577815;0,707872605883978;14,8619175050836
"220";"2018";"MG";0,964629957893281;0,863298313752091;19,8032358019415
"221";"2018";"MS";0,957338954789902;0,870086612018055;9,73572400781475
"222";"2018";"MT";0,978874708768307;0,608778537967495;16,7876412051254
"223";"2018";"PA";0,996808885833053;0,825249524876217;15,2119246819604
"224";"2018";"PB";0,935421109203261;0,652266108269184;12,4834937113033
"225";"2018";"PE";0,893183498182691;0,852866316959477;9,07907744911925
"226";"2018";"PI";0,897842718680274;0,648398676911296;9,78352385944235
"227";"2018";"PR";0,997454166743281;0,555429518040098;15,248287780171
"228";"2018";"RJ";0,995008189448745;0,782792202481623;17,6047738861761
"229";"2018";"RN";0,957157854401035;0,862875059239366;13,2130472524371
"230";"2018";"RO";0,971344413876275;0,923993197865321;16,9390589746808
"231";"2018";"RR";0,974749734812999;0,965154873437762;19,2392465390592
"232";"2018";"RS";0,991178797219806;0,952054139489982;12,7512110221013
"233";"2018";"SC";0,955254477115792;0,986002978420183;10,1870012077873
"234";"2018";"SE";0,96358706818487;0,806456089173845;13,7200360639527
"235";"2018";"SP";0,978328668261991;0,897635011508274;12,8039229019618
"236";"2018";"TO";0,96428981989541;0,738023249049734;16,30615695258
"237";"2022";"AC";0,992320173101408;0,674554617909048;11,9789467480549
"238";"2022";"AL";0,696387991893263;0,801488161217685;3,75970284902225
"239";"2022";"AM";0,907198683033566;0,781455734756249;10,2840403115392
"240";"2022";"AP";0,971985972116514;0,888764648650219;15,59483245438
"241";"2022";"BA";0,970317512464256;0,913505306037292;11,0351916986467
"242";"2022";"CE";0,961509335927157;0,777051148590892;8,28466188025189
"243";"2022";"DF";0,959074574718165;0,759495070520826;15,3385920165241
"244";"2022";"ES";0,987690060260269;0,915385014668507;14,1032696155478
"245";"2022";"GO";0,965039356727224;0,733954142650615;14,857543473635
"246";"2022";"MA";0,943510766483086;0,73576690371341;9,68299476844818
"247";"2022";"MG";0,956845409456946;0,788930554451571;14,9675898784454
"248";"2022";"MS";0,947401856676676;0,984470063738637;10,2452281601066
"249";"2022";"MT";0,957742813800352;0,47956592876112;10,2302528734114
"250";"2022";"PA";0,922201809694571;0,567204375755366;8,6314467692759
"251";"2022";"PB";0,940882828105892;0,842394750335869;9,72728761372171
"252";"2022";"PE";0,909599637962789;0,966137966761202;8,20545463296552
"253";"2022";"PI";0,89253712700133;0,843264922702825;3,90941556295143
"254";"2022";"PR";0,946079314942117;0,565132944053954;8,53239372953552
"255";"2022";"RJ";0,948533739823931;0,687022986177059;11,4333177069493
"256";"2022";"RN";0,99197700071616;0,639122808744137;6,18931142241359
"257";"2022";"RO";0,967428171017785;0,981630025107161;12,6746315232187
"258";"2022";"RR";0,965315067239844;0,846639186247331;12,7302275203703
"259";"2022";"RS";0,967431451488149;0,893065070393753;11,1161549562635
"260";"2022";"SC";0,95094790141179;0,788030354153848;9,74830420107638
"261";"2022";"SE";0,926114050838458;0,942132469938174;9,89987410464741
"262";"2022";"SP";0,945178744814672;0,933846365122711;11,1219163388554
"263";"2022";"TO";0,997307838674625;0,64347796674869;8,40382527935537
